Source,Source Plate Barcode,Source Well,Destination,Destination Plate Barcode,Destination Well,Transfer Volume,Concentration,Reagent ID,Printing ID,Layer,Updated At,Printed At,REC ID
samp_source_1,r999997,B08,0,0,B02,40,40,compound32,None,treatment,2019-12-06 11:09:10.314384,None,REC-FAKE-000032
samp_source_2,r999998,A17,0,0,B02,40,40,compound57,None,treatment,2019-12-06 11:09:10.316175,None,REC-FAKE-000057
samp_source_2,r999998,B14,0,0,B02,40,40,compound78,None,treatment,2019-12-06 11:09:10.317841,None,REC-FAKE-000078
samp_source_2,r999998,A13,0,0,B02,40,40,compound53,None,treatment,2019-12-06 11:09:10.319505,None,REC-FAKE-000053
samp_source_3,r999999,B06,0,0,B02,40,40,compound110,None,treatment,2019-12-06 11:09:10.321177,None,REC-FAKE-000110
samp_source_1,r999997,A01,0,0,B20,40,40,compound1,None,treatment,2019-12-06 11:09:10.589460,None,REC-FAKE-000001
samp_source_2,r999998,B10,0,0,B20,40,40,compound74,None,treatment,2019-12-06 11:09:10.591159,None,REC-FAKE-000074
samp_source_2,r999998,A22,0,0,B20,40,40,compound62,None,treatment,2019-12-06 11:09:10.592861,None,REC-FAKE-000062
samp_source_3,r999999,B13,0,0,B20,40,40,compound117,None,treatment,2019-12-06 11:09:10.594559,None,REC-FAKE-000117
samp_source_3,r999999,B16,0,0,B20,40,40,compound120,None,treatment,2019-12-06 11:09:10.596263,None,REC-FAKE-000120
samp_source_2,r999998,A13,0,0,B24,40,40,compound53,None,treatment,2019-12-06 11:09:10.452374,None,REC-FAKE-000053
samp_source_3,r999999,A17,0,0,B24,40,40,compound97,None,treatment,2019-12-06 11:09:10.454066,None,REC-FAKE-000097
samp_source_3,r999999,A18,0,0,B24,40,40,compound98,None,treatment,2019-12-06 11:09:10.455807,None,REC-FAKE-000098
samp_source_2,r999998,B11,0,0,B24,40,40,compound75,None,treatment,2019-12-06 11:09:10.457505,None,REC-FAKE-000075
samp_source_1,r999997,B05,0,0,B24,40,40,compound29,None,treatment,2019-12-06 11:09:10.459191,None,REC-FAKE-000029
samp_source_1,r999997,A23,0,0,B27,40,40,compound23,None,treatment,2019-12-06 11:09:09.965107,None,REC-FAKE-000023
samp_source_3,r999999,A05,0,0,B27,40,40,compound85,None,treatment,2019-12-06 11:09:09.966786,None,REC-FAKE-000085
samp_source_2,r999998,B12,0,0,B27,40,40,compound76,None,treatment,2019-12-06 11:09:09.968464,None,REC-FAKE-000076
samp_source_2,r999998,B13,0,0,B27,40,40,compound77,None,treatment,2019-12-06 11:09:09.970146,None,REC-FAKE-000077
samp_source_1,r999997,A12,0,0,B27,40,40,compound12,None,treatment,2019-12-06 11:09:09.971957,None,REC-FAKE-000012
samp_source_1,r999997,A11,0,0,B45,40,40,compound11,None,treatment,2019-12-06 11:09:10.546677,None,REC-FAKE-000011
samp_source_2,r999998,A14,0,0,B45,40,40,compound54,None,treatment,2019-12-06 11:09:10.548359,None,REC-FAKE-000054
samp_source_1,r999997,B02,0,0,B45,40,40,compound26,None,treatment,2019-12-06 11:09:10.550047,None,REC-FAKE-000026
samp_source_3,r999999,B08,0,0,B45,40,40,compound112,None,treatment,2019-12-06 11:09:10.551728,None,REC-FAKE-000112
samp_source_3,r999999,B16,0,0,B45,40,40,compound120,None,treatment,2019-12-06 11:09:10.553403,None,REC-FAKE-000120
samp_source_2,r999998,B09,0,0,B47,40,40,compound73,None,treatment,2019-12-06 11:09:10.186977,None,REC-FAKE-000073
samp_source_3,r999999,A04,0,0,B47,40,40,compound84,None,treatment,2019-12-06 11:09:10.188682,None,REC-FAKE-000084
samp_source_3,r999999,B07,0,0,B47,40,40,compound111,None,treatment,2019-12-06 11:09:10.190390,None,REC-FAKE-000111
samp_source_3,r999999,A10,0,0,B47,40,40,compound90,None,treatment,2019-12-06 11:09:10.192125,None,REC-FAKE-000090
samp_source_2,r999998,B03,0,0,B47,40,40,compound67,None,treatment,2019-12-06 11:09:10.193830,None,REC-FAKE-000067
samp_source_1,r999997,A23,0,0,C13,40,40,compound23,None,treatment,2019-12-06 11:09:09.973637,None,REC-FAKE-000023
samp_source_3,r999999,B04,0,0,C13,40,40,compound108,None,treatment,2019-12-06 11:09:09.975314,None,REC-FAKE-000108
samp_source_1,r999997,A22,0,0,C13,40,40,compound22,None,treatment,2019-12-06 11:09:09.976987,None,REC-FAKE-000022
samp_source_2,r999998,B16,0,0,C13,40,40,compound80,None,treatment,2019-12-06 11:09:09.978658,None,REC-FAKE-000080
samp_source_2,r999998,A07,0,0,C13,40,40,compound47,None,treatment,2019-12-06 11:09:09.980330,None,REC-FAKE-000047
samp_source_2,r999998,B14,0,0,C16,40,40,compound78,None,treatment,2019-12-06 11:09:10.400287,None,REC-FAKE-000078
samp_source_3,r999999,A16,0,0,C16,40,40,compound96,None,treatment,2019-12-06 11:09:10.401977,None,REC-FAKE-000096
samp_source_1,r999997,B09,0,0,C16,40,40,compound33,None,treatment,2019-12-06 11:09:10.403669,None,REC-FAKE-000033
samp_source_2,r999998,A06,0,0,C16,40,40,compound46,None,treatment,2019-12-06 11:09:10.405357,None,REC-FAKE-000046
samp_source_1,r999997,B05,0,0,C16,40,40,compound29,None,treatment,2019-12-06 11:09:10.407147,None,REC-FAKE-000029
samp_source_3,r999999,A01,0,0,C28,40,40,compound81,None,treatment,2019-12-06 11:09:10.092652,None,REC-FAKE-000081
samp_source_1,r999997,A12,0,0,C28,40,40,compound12,None,treatment,2019-12-06 11:09:10.094325,None,REC-FAKE-000012
samp_source_1,r999997,A22,0,0,C28,40,40,compound22,None,treatment,2019-12-06 11:09:10.096005,None,REC-FAKE-000022
samp_source_1,r999997,A13,0,0,C28,40,40,compound13,None,treatment,2019-12-06 11:09:10.097681,None,REC-FAKE-000013
samp_source_1,r999997,A17,0,0,C28,40,40,compound17,None,treatment,2019-12-06 11:09:10.099357,None,REC-FAKE-000017
samp_source_3,r999999,A13,0,0,D20,40,40,compound93,None,treatment,2019-12-06 11:09:09.913077,None,REC-FAKE-000093
samp_source_3,r999999,A20,0,0,D20,40,40,compound100,None,treatment,2019-12-06 11:09:09.914934,None,REC-FAKE-000100
samp_source_1,r999997,A18,0,0,D20,40,40,compound18,None,treatment,2019-12-06 11:09:09.916655,None,REC-FAKE-000018
samp_source_3,r999999,B02,0,0,D20,40,40,compound106,None,treatment,2019-12-06 11:09:09.918545,None,REC-FAKE-000106
samp_source_2,r999998,A05,0,0,D20,40,40,compound45,None,treatment,2019-12-06 11:09:09.920254,None,REC-FAKE-000045
samp_source_1,r999997,B06,0,0,D34,40,40,compound30,None,treatment,2019-12-06 11:09:10.780343,None,REC-FAKE-000030
samp_source_1,r999997,A06,0,0,D34,40,40,compound6,None,treatment,2019-12-06 11:09:10.782113,None,REC-FAKE-000006
samp_source_2,r999998,B05,0,0,D34,40,40,compound69,None,treatment,2019-12-06 11:09:10.783802,None,REC-FAKE-000069
samp_source_1,r999997,B10,0,0,D34,40,40,compound34,None,treatment,2019-12-06 11:09:10.785492,None,REC-FAKE-000034
samp_source_1,r999997,A16,0,0,D42,40,40,compound16,None,treatment,2019-12-06 11:09:10.624038,None,REC-FAKE-000016
samp_source_2,r999998,B10,0,0,D42,40,40,compound74,None,treatment,2019-12-06 11:09:10.625749,None,REC-FAKE-000074
samp_source_1,r999997,A21,0,0,D42,40,40,compound21,None,treatment,2019-12-06 11:09:10.627436,None,REC-FAKE-000021
samp_source_3,r999999,B08,0,0,D42,40,40,compound112,None,treatment,2019-12-06 11:09:10.629113,None,REC-FAKE-000112
samp_source_2,r999998,A23,0,0,D42,40,40,compound63,None,treatment,2019-12-06 11:09:10.630793,None,REC-FAKE-000063
samp_source_1,r999997,A01,0,0,D45,40,40,compound1,None,treatment,2019-12-06 11:09:10.571828,None,REC-FAKE-000001
samp_source_3,r999999,A09,0,0,D45,40,40,compound89,None,treatment,2019-12-06 11:09:10.573826,None,REC-FAKE-000089
samp_source_1,r999997,B02,0,0,D45,40,40,compound26,None,treatment,2019-12-06 11:09:10.575619,None,REC-FAKE-000026
samp_source_3,r999999,B10,0,0,D45,40,40,compound114,None,treatment,2019-12-06 11:09:10.577331,None,REC-FAKE-000114
samp_source_2,r999998,A23,0,0,D45,40,40,compound63,None,treatment,2019-12-06 11:09:10.579050,None,REC-FAKE-000063
samp_source_2,r999998,A21,0,0,E08,40,40,compound61,None,treatment,2019-12-06 11:09:10.684155,None,REC-FAKE-000061
samp_source_1,r999997,A06,0,0,E08,40,40,compound6,None,treatment,2019-12-06 11:09:10.685828,None,REC-FAKE-000006
samp_source_2,r999998,A01,0,0,E08,40,40,compound41,None,treatment,2019-12-06 11:09:10.687498,None,REC-FAKE-000041
samp_source_1,r999997,B11,0,0,E08,40,40,compound35,None,treatment,2019-12-06 11:09:10.689174,None,REC-FAKE-000035
samp_source_2,r999998,A20,0,0,E08,40,40,compound60,None,treatment,2019-12-06 11:09:10.690872,None,REC-FAKE-000060
samp_source_3,r999999,B15,0,0,E20,40,40,compound119,None,treatment,2019-12-06 11:09:09.998880,None,REC-FAKE-000119
samp_source_3,r999999,A05,0,0,E20,40,40,compound85,None,treatment,2019-12-06 11:09:10.000560,None,REC-FAKE-000085
samp_source_3,r999999,B04,0,0,E20,40,40,compound108,None,treatment,2019-12-06 11:09:10.002240,None,REC-FAKE-000108
samp_source_1,r999997,A13,0,0,E20,40,40,compound13,None,treatment,2019-12-06 11:09:10.003924,None,REC-FAKE-000013
samp_source_2,r999998,A11,0,0,E20,40,40,compound51,None,treatment,2019-12-06 11:09:10.005699,None,REC-FAKE-000051
samp_source_3,r999999,B03,0,0,E38,40,40,compound107,None,treatment,2019-12-06 11:09:10.650013,None,REC-FAKE-000107
samp_source_2,r999998,A14,0,0,E38,40,40,compound54,None,treatment,2019-12-06 11:09:10.651710,None,REC-FAKE-000054
samp_source_1,r999997,B15,0,0,E38,40,40,compound39,None,treatment,2019-12-06 11:09:10.653395,None,REC-FAKE-000039
samp_source_3,r999999,B13,0,0,E38,40,40,compound117,None,treatment,2019-12-06 11:09:10.655086,None,REC-FAKE-000117
samp_source_2,r999998,A23,0,0,E38,40,40,compound63,None,treatment,2019-12-06 11:09:10.656775,None,REC-FAKE-000063
samp_source_1,r999997,A04,0,0,F04,40,40,compound4,None,treatment,2019-12-06 11:09:09.853797,None,REC-FAKE-000004
samp_source_2,r999998,A08,0,0,F04,40,40,compound48,None,treatment,2019-12-06 11:09:09.855510,None,REC-FAKE-000048
samp_source_1,r999997,B14,0,0,F04,40,40,compound38,None,treatment,2019-12-06 11:09:09.857218,None,REC-FAKE-000038
samp_source_3,r999999,A14,0,0,F04,40,40,compound94,None,treatment,2019-12-06 11:09:09.858924,None,REC-FAKE-000094
samp_source_2,r999998,A05,0,0,F04,40,40,compound45,None,treatment,2019-12-06 11:09:09.860642,None,REC-FAKE-000045
samp_source_1,r999997,B08,0,0,F06,40,40,compound32,None,treatment,2019-12-06 11:09:10.348978,None,REC-FAKE-000032
samp_source_3,r999999,B14,0,0,F06,40,40,compound118,None,treatment,2019-12-06 11:09:10.350667,None,REC-FAKE-000118
samp_source_2,r999998,B06,0,0,F06,40,40,compound70,None,treatment,2019-12-06 11:09:10.352349,None,REC-FAKE-000070
samp_source_1,r999997,B05,0,0,F06,40,40,compound29,None,treatment,2019-12-06 11:09:10.354020,None,REC-FAKE-000029
samp_source_2,r999998,B04,0,0,F06,40,40,compound68,None,treatment,2019-12-06 11:09:10.355690,None,REC-FAKE-000068
samp_source_1,r999997,A07,0,0,F19,40,40,compound7,None,treatment,2019-12-06 11:09:10.271760,None,REC-FAKE-000007
samp_source_1,r999997,A14,0,0,F19,40,40,compound14,None,treatment,2019-12-06 11:09:10.273586,None,REC-FAKE-000014
samp_source_3,r999999,B07,0,0,F19,40,40,compound111,None,treatment,2019-12-06 11:09:10.275358,None,REC-FAKE-000111
samp_source_1,r999997,A20,0,0,F19,40,40,compound20,None,treatment,2019-12-06 11:09:10.277113,None,REC-FAKE-000020
samp_source_3,r999999,A23,0,0,F19,40,40,compound103,None,treatment,2019-12-06 11:09:10.278776,None,REC-FAKE-000103
samp_source_1,r999997,A07,0,0,F41,40,40,compound7,None,treatment,2019-12-06 11:09:10.246559,None,REC-FAKE-000007
samp_source_3,r999999,B01,0,0,F41,40,40,compound105,None,treatment,2019-12-06 11:09:10.248302,None,REC-FAKE-000105
samp_source_1,r999997,A19,0,0,F41,40,40,compound19,None,treatment,2019-12-06 11:09:10.249976,None,REC-FAKE-000019
samp_source_3,r999999,B09,0,0,F41,40,40,compound113,None,treatment,2019-12-06 11:09:10.251651,None,REC-FAKE-000113
samp_source_2,r999998,B03,0,0,F41,40,40,compound67,None,treatment,2019-12-06 11:09:10.253322,None,REC-FAKE-000067
samp_source_1,r999997,A04,0,0,G06,40,40,compound4,None,treatment,2019-12-06 11:09:09.871906,None,REC-FAKE-000004
samp_source_3,r999999,A20,0,0,G06,40,40,compound100,None,treatment,2019-12-06 11:09:09.873858,None,REC-FAKE-000100
samp_source_2,r999998,A04,0,0,G06,40,40,compound44,None,treatment,2019-12-06 11:09:09.876006,None,REC-FAKE-000044
samp_source_2,r999998,A09,0,0,G06,40,40,compound49,None,treatment,2019-12-06 11:09:09.878092,None,REC-FAKE-000049
samp_source_1,r999997,A10,0,0,G06,40,40,compound10,None,treatment,2019-12-06 11:09:09.880111,None,REC-FAKE-000010
samp_source_3,r999999,A11,0,0,G16,40,40,compound91,None,treatment,2019-12-06 11:09:10.221416,None,REC-FAKE-000091
samp_source_3,r999999,A04,0,0,G16,40,40,compound84,None,treatment,2019-12-06 11:09:10.223087,None,REC-FAKE-000084
samp_source_2,r999998,A19,0,0,G16,40,40,compound59,None,treatment,2019-12-06 11:09:10.224746,None,REC-FAKE-000059
samp_source_3,r999999,B09,0,0,G16,40,40,compound113,None,treatment,2019-12-06 11:09:10.226404,None,REC-FAKE-000113
samp_source_3,r999999,A23,0,0,G16,40,40,compound103,None,treatment,2019-12-06 11:09:10.228069,None,REC-FAKE-000103
samp_source_1,r999997,A02,0,0,G40,40,40,compound2,None,treatment,2019-12-06 11:09:10.727456,None,REC-FAKE-000002
samp_source_2,r999998,A20,0,0,G40,40,40,compound60,None,treatment,2019-12-06 11:09:10.729156,None,REC-FAKE-000060
samp_source_2,r999998,B05,0,0,G40,40,40,compound69,None,treatment,2019-12-06 11:09:10.730839,None,REC-FAKE-000069
samp_source_3,r999999,A01,0,0,H08,40,40,compound81,None,treatment,2019-12-06 11:09:10.075845,None,REC-FAKE-000081
samp_source_2,r999998,B12,0,0,H08,40,40,compound76,None,treatment,2019-12-06 11:09:10.077526,None,REC-FAKE-000076
samp_source_2,r999998,A07,0,0,H08,40,40,compound47,None,treatment,2019-12-06 11:09:10.079208,None,REC-FAKE-000047
samp_source_3,r999999,A12,0,0,H08,40,40,compound92,None,treatment,2019-12-06 11:09:10.080890,None,REC-FAKE-000092
samp_source_2,r999998,A11,0,0,H08,40,40,compound51,None,treatment,2019-12-06 11:09:10.082571,None,REC-FAKE-000051
samp_source_1,r999997,B13,0,0,H38,40,40,compound37,None,treatment,2019-12-06 11:09:10.749940,None,REC-FAKE-000037
samp_source_2,r999998,A20,0,0,H38,40,40,compound60,None,treatment,2019-12-06 11:09:10.751595,None,REC-FAKE-000060
samp_source_1,r999997,B04,0,0,H38,40,40,compound28,None,treatment,2019-12-06 11:09:10.753261,None,REC-FAKE-000028
samp_source_1,r999997,B10,0,0,H38,40,40,compound34,None,treatment,2019-12-06 11:09:10.754920,None,REC-FAKE-000034
samp_source_2,r999998,A17,0,0,I02,40,40,compound57,None,treatment,2019-12-06 11:09:10.365788,None,REC-FAKE-000057
samp_source_3,r999999,A16,0,0,I02,40,40,compound96,None,treatment,2019-12-06 11:09:10.367463,None,REC-FAKE-000096
samp_source_3,r999999,A18,0,0,I02,40,40,compound98,None,treatment,2019-12-06 11:09:10.369145,None,REC-FAKE-000098
samp_source_3,r999999,B11,0,0,I02,40,40,compound115,None,treatment,2019-12-06 11:09:10.370821,None,REC-FAKE-000115
samp_source_2,r999998,B06,0,0,I02,40,40,compound70,None,treatment,2019-12-06 11:09:10.372496,None,REC-FAKE-000070
samp_source_3,r999999,B12,0,0,I09,40,40,compound116,None,treatment,2019-12-06 11:09:09.827543,None,REC-FAKE-000116
samp_source_1,r999997,A24,0,0,I09,40,40,compound24,None,treatment,2019-12-06 11:09:09.829274,None,REC-FAKE-000024
samp_source_2,r999998,A04,0,0,I09,40,40,compound44,None,treatment,2019-12-06 11:09:09.830985,None,REC-FAKE-000044
samp_source_3,r999999,A22,0,0,I09,40,40,compound102,None,treatment,2019-12-06 11:09:09.832699,None,REC-FAKE-000102
samp_source_2,r999998,A05,0,0,I09,40,40,compound45,None,treatment,2019-12-06 11:09:09.834402,None,REC-FAKE-000045
samp_source_1,r999997,A09,0,0,I10,40,40,compound9,None,treatment,2019-12-06 11:09:10.773378,None,REC-FAKE-000009
samp_source_2,r999998,A20,0,0,I10,40,40,compound60,None,treatment,2019-12-06 11:09:10.775247,None,REC-FAKE-000060
samp_source_2,r999998,B01,0,0,I10,40,40,compound65,None,treatment,2019-12-06 11:09:10.776938,None,REC-FAKE-000065
samp_source_3,r999999,A02,0,0,I10,40,40,compound82,None,treatment,2019-12-06 11:09:10.778607,None,REC-FAKE-000082
samp_source_1,r999997,A11,0,0,I14,40,40,compound11,None,treatment,2019-12-06 11:09:10.563458,None,REC-FAKE-000011
samp_source_3,r999999,A06,0,0,I14,40,40,compound86,None,treatment,2019-12-06 11:09:10.565132,None,REC-FAKE-000086
samp_source_2,r999998,A22,0,0,I14,40,40,compound62,None,treatment,2019-12-06 11:09:10.566803,None,REC-FAKE-000062
samp_source_2,r999998,A24,0,0,I14,40,40,compound64,None,treatment,2019-12-06 11:09:10.568476,None,REC-FAKE-000064
samp_source_2,r999998,A23,0,0,I14,40,40,compound63,None,treatment,2019-12-06 11:09:10.570153,None,REC-FAKE-000063
samp_source_2,r999998,A15,0,0,I25,40,40,compound55,None,treatment,2019-12-06 11:09:10.280438,None,REC-FAKE-000055
samp_source_3,r999999,B01,0,0,I25,40,40,compound105,None,treatment,2019-12-06 11:09:10.282101,None,REC-FAKE-000105
samp_source_2,r999998,B02,0,0,I25,40,40,compound66,None,treatment,2019-12-06 11:09:10.283764,None,REC-FAKE-000066
samp_source_3,r999999,A10,0,0,I25,40,40,compound90,None,treatment,2019-12-06 11:09:10.285432,None,REC-FAKE-000090
samp_source_3,r999999,A23,0,0,I25,40,40,compound103,None,treatment,2019-12-06 11:09:10.287092,None,REC-FAKE-000103
samp_source_2,r999998,A10,0,0,I42,40,40,compound50,None,treatment,2019-12-06 11:09:10.041662,None,REC-FAKE-000050
samp_source_2,r999998,B12,0,0,I42,40,40,compound76,None,treatment,2019-12-06 11:09:10.043468,None,REC-FAKE-000076
samp_source_3,r999999,B04,0,0,I42,40,40,compound108,None,treatment,2019-12-06 11:09:10.045147,None,REC-FAKE-000108
samp_source_2,r999998,B08,0,0,I42,40,40,compound72,None,treatment,2019-12-06 11:09:10.046826,None,REC-FAKE-000072
samp_source_1,r999997,A17,0,0,I42,40,40,compound17,None,treatment,2019-12-06 11:09:10.048504,None,REC-FAKE-000017
samp_source_2,r999998,B09,0,0,I43,40,40,compound73,None,treatment,2019-12-06 11:09:10.204064,None,REC-FAKE-000073
samp_source_1,r999997,A14,0,0,I43,40,40,compound14,None,treatment,2019-12-06 11:09:10.205766,None,REC-FAKE-000014
samp_source_2,r999998,B02,0,0,I43,40,40,compound66,None,treatment,2019-12-06 11:09:10.207579,None,REC-FAKE-000066
samp_source_3,r999999,B09,0,0,I43,40,40,compound113,None,treatment,2019-12-06 11:09:10.209458,None,REC-FAKE-000113
samp_source_2,r999998,A16,0,0,I43,40,40,compound56,None,treatment,2019-12-06 11:09:10.211193,None,REC-FAKE-000056
samp_source_1,r999997,B08,0,0,I47,40,40,compound32,None,treatment,2019-12-06 11:09:10.339870,None,REC-FAKE-000032
samp_source_2,r999998,B11,0,0,I47,40,40,compound75,None,treatment,2019-12-06 11:09:10.341983,None,REC-FAKE-000075
samp_source_3,r999999,B11,0,0,I47,40,40,compound115,None,treatment,2019-12-06 11:09:10.343757,None,REC-FAKE-000115
samp_source_3,r999999,A03,0,0,I47,40,40,compound83,None,treatment,2019-12-06 11:09:10.345479,None,REC-FAKE-000083
samp_source_2,r999998,A06,0,0,I47,40,40,compound46,None,treatment,2019-12-06 11:09:10.347174,None,REC-FAKE-000046
samp_source_1,r999997,A04,0,0,J07,40,40,compound4,None,treatment,2019-12-06 11:09:09.845170,None,REC-FAKE-000004
samp_source_1,r999997,B07,0,0,J07,40,40,compound31,None,treatment,2019-12-06 11:09:09.846848,None,REC-FAKE-000031
samp_source_1,r999997,A18,0,0,J07,40,40,compound18,None,treatment,2019-12-06 11:09:09.848591,None,REC-FAKE-000018
samp_source_3,r999999,A22,0,0,J07,40,40,compound102,None,treatment,2019-12-06 11:09:09.850351,None,REC-FAKE-000102
samp_source_3,r999999,A24,0,0,J07,40,40,compound104,None,treatment,2019-12-06 11:09:09.852076,None,REC-FAKE-000104
samp_source_2,r999998,A03,0,0,J29,40,40,compound43,None,treatment,2019-12-06 11:09:09.774529,None,REC-FAKE-000043
samp_source_1,r999997,B07,0,0,J29,40,40,compound31,None,treatment,2019-12-06 11:09:09.776649,None,REC-FAKE-000031
samp_source_2,r999998,A08,0,0,J29,40,40,compound48,None,treatment,2019-12-06 11:09:09.778545,None,REC-FAKE-000048
samp_source_1,r999997,A24,0,0,J29,40,40,compound24,None,treatment,2019-12-06 11:09:09.780358,None,REC-FAKE-000024
samp_source_3,r999999,A20,0,0,J29,40,40,compound100,None,treatment,2019-12-06 11:09:09.782259,None,REC-FAKE-000100
samp_source_3,r999999,B06,0,0,J35,40,40,compound110,None,treatment,2019-12-06 11:09:10.460881,None,REC-FAKE-000110
samp_source_2,r999998,B15,0,0,J35,40,40,compound79,None,treatment,2019-12-06 11:09:10.462586,None,REC-FAKE-000079
samp_source_2,r999998,B07,0,0,J35,40,40,compound71,None,treatment,2019-12-06 11:09:10.464274,None,REC-FAKE-000071
samp_source_3,r999999,B11,0,0,J35,40,40,compound115,None,treatment,2019-12-06 11:09:10.465959,None,REC-FAKE-000115
samp_source_1,r999997,B05,0,0,J35,40,40,compound29,None,treatment,2019-12-06 11:09:10.467643,None,REC-FAKE-000029
samp_source_2,r999998,A15,0,0,K03,40,40,compound55,None,treatment,2019-12-06 11:09:10.305573,None,REC-FAKE-000055
samp_source_1,r999997,A14,0,0,K03,40,40,compound14,None,treatment,2019-12-06 11:09:10.307366,None,REC-FAKE-000014
samp_source_2,r999998,A19,0,0,K03,40,40,compound59,None,treatment,2019-12-06 11:09:10.309213,None,REC-FAKE-000059
samp_source_3,r999999,A07,0,0,K03,40,40,compound87,None,treatment,2019-12-06 11:09:10.310991,None,REC-FAKE-000087
samp_source_2,r999998,B03,0,0,K03,40,40,compound67,None,treatment,2019-12-06 11:09:10.312694,None,REC-FAKE-000067
samp_source_2,r999998,B09,0,0,K04,40,40,compound73,None,treatment,2019-12-06 11:09:10.178284,None,REC-FAKE-000073
samp_source_3,r999999,B01,0,0,K04,40,40,compound105,None,treatment,2019-12-06 11:09:10.179973,None,REC-FAKE-000105
samp_source_2,r999998,A19,0,0,K04,40,40,compound59,None,treatment,2019-12-06 11:09:10.181815,None,REC-FAKE-000059
samp_source_1,r999997,A20,0,0,K04,40,40,compound20,None,treatment,2019-12-06 11:09:10.183554,None,REC-FAKE-000020
samp_source_1,r999997,A03,0,0,K04,40,40,compound3,None,treatment,2019-12-06 11:09:10.185261,None,REC-FAKE-000003
samp_source_2,r999998,B09,0,0,K27,40,40,compound73,None,treatment,2019-12-06 11:09:10.195528,None,REC-FAKE-000073
samp_source_3,r999999,B05,0,0,K27,40,40,compound109,None,treatment,2019-12-06 11:09:10.197229,None,REC-FAKE-000109
samp_source_1,r999997,A19,0,0,K27,40,40,compound19,None,treatment,2019-12-06 11:09:10.198934,None,REC-FAKE-000019
samp_source_3,r999999,A07,0,0,K27,40,40,compound87,None,treatment,2019-12-06 11:09:10.200641,None,REC-FAKE-000087
samp_source_3,r999999,A23,0,0,K27,40,40,compound103,None,treatment,2019-12-06 11:09:10.202351,None,REC-FAKE-000103
samp_source_1,r999997,A01,0,0,K28,40,40,compound1,None,treatment,2019-12-06 11:09:10.597967,None,REC-FAKE-000001
samp_source_3,r999999,A06,0,0,K28,40,40,compound86,None,treatment,2019-12-06 11:09:10.599663,None,REC-FAKE-000086
samp_source_1,r999997,B15,0,0,K28,40,40,compound39,None,treatment,2019-12-06 11:09:10.601372,None,REC-FAKE-000039
samp_source_3,r999999,B08,0,0,K28,40,40,compound112,None,treatment,2019-12-06 11:09:10.603074,None,REC-FAKE-000112
samp_source_3,r999999,A19,0,0,K28,40,40,compound99,None,treatment,2019-12-06 11:09:10.604771,None,REC-FAKE-000099
samp_source_1,r999997,B13,0,0,K32,40,40,compound37,None,treatment,2019-12-06 11:09:10.737590,None,REC-FAKE-000037
samp_source_2,r999998,A01,0,0,K32,40,40,compound41,None,treatment,2019-12-06 11:09:10.739450,None,REC-FAKE-000041
samp_source_2,r999998,A12,0,0,K32,40,40,compound52,None,treatment,2019-12-06 11:09:10.741326,None,REC-FAKE-000052
samp_source_2,r999998,A03,0,0,L30,40,40,compound43,None,treatment,2019-12-06 11:09:09.792623,None,REC-FAKE-000043
samp_source_3,r999999,B02,0,0,L30,40,40,compound106,None,treatment,2019-12-06 11:09:09.794609,None,REC-FAKE-000106
samp_source_2,r999998,A09,0,0,L30,40,40,compound49,None,treatment,2019-12-06 11:09:09.796356,None,REC-FAKE-000049
samp_source_3,r999999,A22,0,0,L30,40,40,compound102,None,treatment,2019-12-06 11:09:09.798066,None,REC-FAKE-000102
samp_source_3,r999999,A14,0,0,L30,40,40,compound94,None,treatment,2019-12-06 11:09:09.799766,None,REC-FAKE-000094
samp_source_3,r999999,B15,0,0,L41,40,40,compound119,None,treatment,2019-12-06 11:09:10.007637,None,REC-FAKE-000119
samp_source_2,r999998,B12,0,0,L41,40,40,compound76,None,treatment,2019-12-06 11:09:10.009376,None,REC-FAKE-000076
samp_source_1,r999997,A22,0,0,L41,40,40,compound22,None,treatment,2019-12-06 11:09:10.011201,None,REC-FAKE-000022
samp_source_3,r999999,A21,0,0,L41,40,40,compound101,None,treatment,2019-12-06 11:09:10.013021,None,REC-FAKE-000101
samp_source_2,r999998,A18,0,0,L41,40,40,compound58,None,treatment,2019-12-06 11:09:10.014704,None,REC-FAKE-000058
samp_source_2,r999998,A21,0,0,L43,40,40,compound61,None,treatment,2019-12-06 11:09:10.706237,None,REC-FAKE-000061
samp_source_2,r999998,A17,0,0,M03,40,40,compound57,None,treatment,2019-12-06 11:09:10.374356,None,REC-FAKE-000057
samp_source_1,r999997,A05,0,0,M03,40,40,compound5,None,treatment,2019-12-06 11:09:10.376207,None,REC-FAKE-000005
samp_source_1,r999997,A08,0,0,M03,40,40,compound8,None,treatment,2019-12-06 11:09:10.377898,None,REC-FAKE-000008
samp_source_3,r999999,A03,0,0,M03,40,40,compound83,None,treatment,2019-12-06 11:09:10.379580,None,REC-FAKE-000083
samp_source_1,r999997,B05,0,0,M03,40,40,compound29,None,treatment,2019-12-06 11:09:10.381366,None,REC-FAKE-000029
samp_source_2,r999998,A15,0,0,M05,40,40,compound55,None,treatment,2019-12-06 11:09:10.297059,None,REC-FAKE-000055
samp_source_3,r999999,B05,0,0,M05,40,40,compound109,None,treatment,2019-12-06 11:09:10.298717,None,REC-FAKE-000109
samp_source_3,r999999,B07,0,0,M05,40,40,compound111,None,treatment,2019-12-06 11:09:10.300381,None,REC-FAKE-000111
samp_source_3,r999999,B09,0,0,M05,40,40,compound113,None,treatment,2019-12-06 11:09:10.302042,None,REC-FAKE-000113
samp_source_1,r999997,A03,0,0,M05,40,40,compound3,None,treatment,2019-12-06 11:09:10.303707,None,REC-FAKE-000003
samp_source_1,r999997,B01,0,0,M07,40,40,compound25,None,treatment,2019-12-06 11:09:10.109733,None,REC-FAKE-000025
samp_source_2,r999998,B12,0,0,M07,40,40,compound76,None,treatment,2019-12-06 11:09:10.111500,None,REC-FAKE-000076
samp_source_2,r999998,B16,0,0,M07,40,40,compound80,None,treatment,2019-12-06 11:09:10.113189,None,REC-FAKE-000080
samp_source_1,r999997,A13,0,0,M07,40,40,compound13,None,treatment,2019-12-06 11:09:10.114982,None,REC-FAKE-000013
samp_source_2,r999998,A02,0,0,M07,40,40,compound42,None,treatment,2019-12-06 11:09:10.116691,None,REC-FAKE-000042
samp_source_3,r999999,B06,0,0,M11,40,40,compound110,None,treatment,2019-12-06 11:09:10.486214,None,REC-FAKE-000110
samp_source_3,r999999,A17,0,0,M11,40,40,compound97,None,treatment,2019-12-06 11:09:10.487902,None,REC-FAKE-000097
samp_source_1,r999997,B09,0,0,M11,40,40,compound33,None,treatment,2019-12-06 11:09:10.489591,None,REC-FAKE-000033
samp_source_3,r999999,A03,0,0,M11,40,40,compound83,None,treatment,2019-12-06 11:09:10.491274,None,REC-FAKE-000083
samp_source_2,r999998,B06,0,0,M11,40,40,compound70,None,treatment,2019-12-06 11:09:10.492965,None,REC-FAKE-000070
samp_source_1,r999997,A16,0,0,M15,40,40,compound16,None,treatment,2019-12-06 11:09:10.606830,None,REC-FAKE-000016
samp_source_3,r999999,A09,0,0,M15,40,40,compound89,None,treatment,2019-12-06 11:09:10.608715,None,REC-FAKE-000089
samp_source_1,r999997,B15,0,0,M15,40,40,compound39,None,treatment,2019-12-06 11:09:10.610421,None,REC-FAKE-000039
samp_source_2,r999998,A24,0,0,M15,40,40,compound64,None,treatment,2019-12-06 11:09:10.612109,None,REC-FAKE-000064
samp_source_3,r999999,B16,0,0,M15,40,40,compound120,None,treatment,2019-12-06 11:09:10.613931,None,REC-FAKE-000120
samp_source_3,r999999,A11,0,0,M27,40,40,compound91,None,treatment,2019-12-06 11:09:10.238038,None,REC-FAKE-000091
samp_source_1,r999997,A14,0,0,M27,40,40,compound14,None,treatment,2019-12-06 11:09:10.239758,None,REC-FAKE-000014
samp_source_1,r999997,A19,0,0,M27,40,40,compound19,None,treatment,2019-12-06 11:09:10.241500,None,REC-FAKE-000019
samp_source_3,r999999,A10,0,0,M27,40,40,compound90,None,treatment,2019-12-06 11:09:10.243203,None,REC-FAKE-000090
samp_source_1,r999997,A03,0,0,M27,40,40,compound3,None,treatment,2019-12-06 11:09:10.244878,None,REC-FAKE-000003
samp_source_1,r999997,A09,0,0,N08,40,40,compound9,None,treatment,2019-12-06 11:09:10.756584,None,REC-FAKE-000009
samp_source_1,r999997,A06,0,0,N08,40,40,compound6,None,treatment,2019-12-06 11:09:10.758239,None,REC-FAKE-000006
samp_source_1,r999997,B04,0,0,N08,40,40,compound28,None,treatment,2019-12-06 11:09:10.759898,None,REC-FAKE-000028
samp_source_3,r999999,A11,0,0,N17,40,40,compound91,None,treatment,2019-12-06 11:09:10.229726,None,REC-FAKE-000091
samp_source_3,r999999,B05,0,0,N17,40,40,compound109,None,treatment,2019-12-06 11:09:10.231387,None,REC-FAKE-000109
samp_source_2,r999998,B02,0,0,N17,40,40,compound66,None,treatment,2019-12-06 11:09:10.233054,None,REC-FAKE-000066
samp_source_1,r999997,A20,0,0,N17,40,40,compound20,None,treatment,2019-12-06 11:09:10.234716,None,REC-FAKE-000020
samp_source_2,r999998,B03,0,0,N17,40,40,compound67,None,treatment,2019-12-06 11:09:10.236377,None,REC-FAKE-000067
samp_source_3,r999999,B15,0,0,N43,40,40,compound119,None,treatment,2019-12-06 11:09:10.016374,None,REC-FAKE-000119
samp_source_2,r999998,B13,0,0,N43,40,40,compound77,None,treatment,2019-12-06 11:09:10.018037,None,REC-FAKE-000077
samp_source_2,r999998,B16,0,0,N43,40,40,compound80,None,treatment,2019-12-06 11:09:10.019704,None,REC-FAKE-000080
samp_source_3,r999999,A12,0,0,N43,40,40,compound92,None,treatment,2019-12-06 11:09:10.021368,None,REC-FAKE-000092
samp_source_1,r999997,A17,0,0,N43,40,40,compound17,None,treatment,2019-12-06 11:09:10.023025,None,REC-FAKE-000017
samp_source_2,r999998,A21,0,0,O28,40,40,compound61,None,treatment,2019-12-06 11:09:10.675615,None,REC-FAKE-000061
samp_source_1,r999997,A02,0,0,O28,40,40,compound2,None,treatment,2019-12-06 11:09:10.677311,None,REC-FAKE-000002
samp_source_1,r999997,B13,0,0,O28,40,40,compound37,None,treatment,2019-12-06 11:09:10.679002,None,REC-FAKE-000037
samp_source_1,r999997,A09,0,0,O28,40,40,compound9,None,treatment,2019-12-06 11:09:10.680790,None,REC-FAKE-000009
samp_source_1,r999997,B06,0,0,O28,40,40,compound30,None,treatment,2019-12-06 11:09:10.682480,None,REC-FAKE-000030
samp_source_2,r999998,A13,0,0,O37,40,40,compound53,None,treatment,2019-12-06 11:09:10.434822,None,REC-FAKE-000053
samp_source_3,r999999,A16,0,0,O37,40,40,compound96,None,treatment,2019-12-06 11:09:10.436524,None,REC-FAKE-000096
samp_source_2,r999998,B07,0,0,O37,40,40,compound71,None,treatment,2019-12-06 11:09:10.438284,None,REC-FAKE-000071
samp_source_3,r999999,A03,0,0,O37,40,40,compound83,None,treatment,2019-12-06 11:09:10.440087,None,REC-FAKE-000083
samp_source_3,r999999,B14,0,0,O37,40,40,compound118,None,treatment,2019-12-06 11:09:10.441974,None,REC-FAKE-000118
samp_source_1,r999997,A09,0,0,O42,40,40,compound9,None,treatment,2019-12-06 11:09:10.761607,None,REC-FAKE-000009
samp_source_2,r999998,A01,0,0,O42,40,40,compound41,None,treatment,2019-12-06 11:09:10.763268,None,REC-FAKE-000041
samp_source_2,r999998,B05,0,0,O42,40,40,compound69,None,treatment,2019-12-06 11:09:10.764928,None,REC-FAKE-000069
samp_source_3,r999999,A15,0,0,O47,40,40,compound95,None,treatment,2019-12-06 11:09:09.921984,None,REC-FAKE-000095
samp_source_1,r999997,B07,0,0,O47,40,40,compound31,None,treatment,2019-12-06 11:09:09.923692,None,REC-FAKE-000031
samp_source_1,r999997,B12,0,0,O47,40,40,compound36,None,treatment,2019-12-06 11:09:09.925404,None,REC-FAKE-000036
samp_source_2,r999998,A09,0,0,O47,40,40,compound49,None,treatment,2019-12-06 11:09:09.927121,None,REC-FAKE-000049
samp_source_2,r999998,A05,0,0,O47,40,40,compound45,None,treatment,2019-12-06 11:09:09.928833,None,REC-FAKE-000045
samp_source_3,r999999,B03,0,0,P04,40,40,compound107,None,treatment,2019-12-06 11:09:10.641441,None,REC-FAKE-000107
samp_source_3,r999999,A09,0,0,P04,40,40,compound89,None,treatment,2019-12-06 11:09:10.643178,None,REC-FAKE-000089
samp_source_2,r999998,A22,0,0,P04,40,40,compound62,None,treatment,2019-12-06 11:09:10.644874,None,REC-FAKE-000062
samp_source_3,r999999,B08,0,0,P04,40,40,compound112,None,treatment,2019-12-06 11:09:10.646621,None,REC-FAKE-000112
samp_source_1,r999997,B03,0,0,P04,40,40,compound27,None,treatment,2019-12-06 11:09:10.648319,None,REC-FAKE-000027
samp_source_3,r999999,B12,0,0,P12,40,40,compound116,None,treatment,2019-12-06 11:09:09.818951,None,REC-FAKE-000116
samp_source_2,r999998,A08,0,0,P12,40,40,compound48,None,treatment,2019-12-06 11:09:09.820674,None,REC-FAKE-000048
samp_source_1,r999997,A18,0,0,P12,40,40,compound18,None,treatment,2019-12-06 11:09:09.822393,None,REC-FAKE-000018
samp_source_2,r999998,A09,0,0,P12,40,40,compound49,None,treatment,2019-12-06 11:09:09.824108,None,REC-FAKE-000049
samp_source_3,r999999,A08,0,0,P12,40,40,compound88,None,treatment,2019-12-06 11:09:09.825824,None,REC-FAKE-000088
samp_source_3,r999999,B12,0,0,P14,40,40,compound116,None,treatment,2019-12-06 11:09:09.810293,None,REC-FAKE-000116
samp_source_1,r999997,B07,0,0,P14,40,40,compound31,None,treatment,2019-12-06 11:09:09.812000,None,REC-FAKE-000031
samp_source_1,r999997,B14,0,0,P14,40,40,compound38,None,treatment,2019-12-06 11:09:09.813694,None,REC-FAKE-000038
samp_source_3,r999999,B02,0,0,P14,40,40,compound106,None,treatment,2019-12-06 11:09:09.815387,None,REC-FAKE-000106
samp_source_1,r999997,A10,0,0,P14,40,40,compound10,None,treatment,2019-12-06 11:09:09.817210,None,REC-FAKE-000010
samp_source_1,r999997,A11,0,0,P23,40,40,compound11,None,treatment,2019-12-06 11:09:10.537732,None,REC-FAKE-000011
samp_source_3,r999999,A09,0,0,P23,40,40,compound89,None,treatment,2019-12-06 11:09:10.539524,None,REC-FAKE-000089
samp_source_1,r999997,A21,0,0,P23,40,40,compound21,None,treatment,2019-12-06 11:09:10.541495,None,REC-FAKE-000021
samp_source_3,r999999,B13,0,0,P23,40,40,compound117,None,treatment,2019-12-06 11:09:10.543191,None,REC-FAKE-000117
samp_source_3,r999999,A19,0,0,P23,40,40,compound99,None,treatment,2019-12-06 11:09:10.544971,None,REC-FAKE-000099
samp_source_2,r999998,B14,0,0,P25,40,40,compound78,None,treatment,2019-12-06 11:09:10.409110,None,REC-FAKE-000078
samp_source_1,r999997,A05,0,0,P25,40,40,compound5,None,treatment,2019-12-06 11:09:10.410845,None,REC-FAKE-000005
samp_source_2,r999998,B07,0,0,P25,40,40,compound71,None,treatment,2019-12-06 11:09:10.412522,None,REC-FAKE-000071
samp_source_2,r999998,B11,0,0,P25,40,40,compound75,None,treatment,2019-12-06 11:09:10.414183,None,REC-FAKE-000075
samp_source_2,r999998,B06,0,0,P25,40,40,compound70,None,treatment,2019-12-06 11:09:10.415998,None,REC-FAKE-000070
samp_source_1,r999997,A02,0,0,Q03,40,40,compound2,None,treatment,2019-12-06 11:09:10.715534,None,REC-FAKE-000002
samp_source_2,r999998,A01,0,0,Q03,40,40,compound41,None,treatment,2019-12-06 11:09:10.717282,None,REC-FAKE-000041
samp_source_2,r999998,B01,0,0,Q03,40,40,compound65,None,treatment,2019-12-06 11:09:10.718976,None,REC-FAKE-000065
samp_source_1,r999997,B10,0,0,Q03,40,40,compound34,None,treatment,2019-12-06 11:09:10.720666,None,REC-FAKE-000034
samp_source_1,r999997,A15,0,0,Q09,40,40,compound15,None,treatment,2019-12-06 11:09:10.494652,None,REC-FAKE-000015
samp_source_1,r999997,A11,0,0,Q09,40,40,compound11,None,treatment,2019-12-06 11:09:10.496341,None,REC-FAKE-000011
samp_source_1,r999997,A01,0,0,Q09,40,40,compound1,None,treatment,2019-12-06 11:09:10.498030,None,REC-FAKE-000001
samp_source_1,r999997,A16,0,0,Q09,40,40,compound16,None,treatment,2019-12-06 11:09:10.499709,None,REC-FAKE-000016
samp_source_3,r999999,B03,0,0,Q09,40,40,compound107,None,treatment,2019-12-06 11:09:10.501399,None,REC-FAKE-000107
samp_source_2,r999998,A10,0,0,Q11,40,40,compound50,None,treatment,2019-12-06 11:09:10.050183,None,REC-FAKE-000050
samp_source_2,r999998,B13,0,0,Q11,40,40,compound77,None,treatment,2019-12-06 11:09:10.051858,None,REC-FAKE-000077
samp_source_2,r999998,A07,0,0,Q11,40,40,compound47,None,treatment,2019-12-06 11:09:10.053530,None,REC-FAKE-000047
samp_source_1,r999997,A13,0,0,Q11,40,40,compound13,None,treatment,2019-12-06 11:09:10.055206,None,REC-FAKE-000013
samp_source_2,r999998,A18,0,0,Q11,40,40,compound58,None,treatment,2019-12-06 11:09:10.056878,None,REC-FAKE-000058
samp_source_2,r999998,A21,0,0,Q15,40,40,compound61,None,treatment,2019-12-06 11:09:10.701026,None,REC-FAKE-000061
samp_source_3,r999999,A02,0,0,Q15,40,40,compound82,None,treatment,2019-12-06 11:09:10.702707,None,REC-FAKE-000082
samp_source_1,r999997,B10,0,0,Q15,40,40,compound34,None,treatment,2019-12-06 11:09:10.704381,None,REC-FAKE-000034
samp_source_2,r999998,A10,0,0,Q30,40,40,compound50,None,treatment,2019-12-06 11:09:10.058550,None,REC-FAKE-000050
samp_source_1,r999997,A12,0,0,Q30,40,40,compound12,None,treatment,2019-12-06 11:09:10.060235,None,REC-FAKE-000012
samp_source_2,r999998,B16,0,0,Q30,40,40,compound80,None,treatment,2019-12-06 11:09:10.061915,None,REC-FAKE-000080
samp_source_3,r999999,A21,0,0,Q30,40,40,compound101,None,treatment,2019-12-06 11:09:10.063582,None,REC-FAKE-000101
samp_source_2,r999998,A11,0,0,Q30,40,40,compound51,None,treatment,2019-12-06 11:09:10.065256,None,REC-FAKE-000051
samp_source_2,r999998,A21,0,0,R04,40,40,compound61,None,treatment,2019-12-06 11:09:10.692554,None,REC-FAKE-000061
samp_source_2,r999998,A12,0,0,R04,40,40,compound52,None,treatment,2019-12-06 11:09:10.694230,None,REC-FAKE-000052
samp_source_2,r999998,B01,0,0,R04,40,40,compound65,None,treatment,2019-12-06 11:09:10.695951,None,REC-FAKE-000065
samp_source_1,r999997,B04,0,0,R04,40,40,compound28,None,treatment,2019-12-06 11:09:10.697625,None,REC-FAKE-000028
samp_source_2,r999998,B05,0,0,R04,40,40,compound69,None,treatment,2019-12-06 11:09:10.699300,None,REC-FAKE-000069
samp_source_3,r999999,A13,0,0,R24,40,40,compound93,None,treatment,2019-12-06 11:09:09.903739,None,REC-FAKE-000093
samp_source_1,r999997,A24,0,0,R24,40,40,compound24,None,treatment,2019-12-06 11:09:09.905636,None,REC-FAKE-000024
samp_source_1,r999997,B14,0,0,R24,40,40,compound38,None,treatment,2019-12-06 11:09:09.907512,None,REC-FAKE-000038
samp_source_2,r999998,A09,0,0,R24,40,40,compound49,None,treatment,2019-12-06 11:09:09.909425,None,REC-FAKE-000049
samp_source_3,r999999,A24,0,0,R24,40,40,compound104,None,treatment,2019-12-06 11:09:09.911276,None,REC-FAKE-000104
samp_source_2,r999998,A10,0,0,R43,40,40,compound50,None,treatment,2019-12-06 11:09:10.032996,None,REC-FAKE-000050
samp_source_3,r999999,A05,0,0,R43,40,40,compound85,None,treatment,2019-12-06 11:09:10.034654,None,REC-FAKE-000085
samp_source_1,r999997,A22,0,0,R43,40,40,compound22,None,treatment,2019-12-06 11:09:10.036332,None,REC-FAKE-000022
samp_source_3,r999999,A12,0,0,R43,40,40,compound92,None,treatment,2019-12-06 11:09:10.038008,None,REC-FAKE-000092
samp_source_2,r999998,A02,0,0,R43,40,40,compound42,None,treatment,2019-12-06 11:09:10.039820,None,REC-FAKE-000042
samp_source_3,r999999,A13,0,0,S21,40,40,compound93,None,treatment,2019-12-06 11:09:09.882282,None,REC-FAKE-000093
samp_source_1,r999997,B07,0,0,S21,40,40,compound31,None,treatment,2019-12-06 11:09:09.884445,None,REC-FAKE-000031
samp_source_2,r999998,A04,0,0,S21,40,40,compound44,None,treatment,2019-12-06 11:09:09.886666,None,REC-FAKE-000044
samp_source_3,r999999,A14,0,0,S21,40,40,compound94,None,treatment,2019-12-06 11:09:09.888907,None,REC-FAKE-000094
samp_source_3,r999999,A08,0,0,S21,40,40,compound88,None,treatment,2019-12-06 11:09:09.891192,None,REC-FAKE-000088
samp_source_1,r999997,A02,0,0,S22,40,40,compound2,None,treatment,2019-12-06 11:09:10.722361,None,REC-FAKE-000002
samp_source_1,r999997,B11,0,0,S22,40,40,compound35,None,treatment,2019-12-06 11:09:10.724045,None,REC-FAKE-000035
samp_source_1,r999997,B04,0,0,S22,40,40,compound28,None,treatment,2019-12-06 11:09:10.725728,None,REC-FAKE-000028
samp_source_2,r999998,A13,0,0,S27,40,40,compound53,None,treatment,2019-12-06 11:09:10.426304,None,REC-FAKE-000053
samp_source_2,r999998,B15,0,0,S27,40,40,compound79,None,treatment,2019-12-06 11:09:10.428012,None,REC-FAKE-000079
samp_source_1,r999997,A08,0,0,S27,40,40,compound8,None,treatment,2019-12-06 11:09:10.429718,None,REC-FAKE-000008
samp_source_2,r999998,A06,0,0,S27,40,40,compound46,None,treatment,2019-12-06 11:09:10.431417,None,REC-FAKE-000046
samp_source_2,r999998,B06,0,0,S27,40,40,compound70,None,treatment,2019-12-06 11:09:10.433124,None,REC-FAKE-000070
samp_source_3,r999999,B06,0,0,S34,40,40,compound110,None,treatment,2019-12-06 11:09:10.477773,None,REC-FAKE-000110
samp_source_1,r999997,A05,0,0,S34,40,40,compound5,None,treatment,2019-12-06 11:09:10.479459,None,REC-FAKE-000005
samp_source_3,r999999,A18,0,0,S34,40,40,compound98,None,treatment,2019-12-06 11:09:10.481143,None,REC-FAKE-000098
samp_source_2,r999998,A06,0,0,S34,40,40,compound46,None,treatment,2019-12-06 11:09:10.482835,None,REC-FAKE-000046
samp_source_3,r999999,B14,0,0,S34,40,40,compound118,None,treatment,2019-12-06 11:09:10.484524,None,REC-FAKE-000118
samp_source_3,r999999,B03,0,0,T05,40,40,compound107,None,treatment,2019-12-06 11:09:10.666917,None,REC-FAKE-000107
samp_source_3,r999999,A06,0,0,T05,40,40,compound86,None,treatment,2019-12-06 11:09:10.668607,None,REC-FAKE-000086
samp_source_1,r999997,A21,0,0,T05,40,40,compound21,None,treatment,2019-12-06 11:09:10.670294,None,REC-FAKE-000021
samp_source_3,r999999,B10,0,0,T05,40,40,compound114,None,treatment,2019-12-06 11:09:10.671983,None,REC-FAKE-000114
samp_source_3,r999999,B16,0,0,T05,40,40,compound120,None,treatment,2019-12-06 11:09:10.673799,None,REC-FAKE-000120
samp_source_1,r999997,A15,0,0,T09,40,40,compound15,None,treatment,2019-12-06 11:09:10.512030,None,REC-FAKE-000015
samp_source_1,r999997,A21,0,0,T09,40,40,compound21,None,treatment,2019-12-06 11:09:10.513793,None,REC-FAKE-000021
samp_source_1,r999997,B02,0,0,T09,40,40,compound26,None,treatment,2019-12-06 11:09:10.515511,None,REC-FAKE-000026
samp_source_1,r999997,B15,0,0,T09,40,40,compound39,None,treatment,2019-12-06 11:09:10.517382,None,REC-FAKE-000039
samp_source_2,r999998,A22,0,0,T09,40,40,compound62,None,treatment,2019-12-06 11:09:10.519094,None,REC-FAKE-000062
samp_source_1,r999997,B06,0,0,T10,40,40,compound30,None,treatment,2019-12-06 11:09:10.799048,None,REC-FAKE-000030
samp_source_2,r999998,A20,0,0,T10,40,40,compound60,None,treatment,2019-12-06 11:09:10.800747,None,REC-FAKE-000060
samp_source_2,r999998,A12,0,0,T10,40,40,compound52,None,treatment,2019-12-06 11:09:10.802443,None,REC-FAKE-000052
samp_source_1,r999997,A02,0,0,T27,40,40,compound2,None,treatment,2019-12-06 11:09:10.708581,None,REC-FAKE-000002
samp_source_1,r999997,A06,0,0,T27,40,40,compound6,None,treatment,2019-12-06 11:09:10.710300,None,REC-FAKE-000006
samp_source_2,r999998,A12,0,0,T27,40,40,compound52,None,treatment,2019-12-06 11:09:10.712009,None,REC-FAKE-000052
samp_source_3,r999999,A02,0,0,T27,40,40,compound82,None,treatment,2019-12-06 11:09:10.713826,None,REC-FAKE-000082
samp_source_1,r999997,A07,0,0,U02,40,40,compound7,None,treatment,2019-12-06 11:09:10.254990,None,REC-FAKE-000007
samp_source_3,r999999,A04,0,0,U02,40,40,compound84,None,treatment,2019-12-06 11:09:10.256655,None,REC-FAKE-000084
samp_source_2,r999998,B02,0,0,U02,40,40,compound66,None,treatment,2019-12-06 11:09:10.258338,None,REC-FAKE-000066
samp_source_3,r999999,A07,0,0,U02,40,40,compound87,None,treatment,2019-12-06 11:09:10.260013,None,REC-FAKE-000087
samp_source_1,r999997,A03,0,0,U02,40,40,compound3,None,treatment,2019-12-06 11:09:10.261682,None,REC-FAKE-000003
samp_source_3,r999999,B03,0,0,U05,40,40,compound107,None,treatment,2019-12-06 11:09:10.658465,None,REC-FAKE-000107
samp_source_2,r999998,B10,0,0,U05,40,40,compound74,None,treatment,2019-12-06 11:09:10.660160,None,REC-FAKE-000074
samp_source_1,r999997,B02,0,0,U05,40,40,compound26,None,treatment,2019-12-06 11:09:10.661856,None,REC-FAKE-000026
samp_source_2,r999998,A24,0,0,U05,40,40,compound64,None,treatment,2019-12-06 11:09:10.663544,None,REC-FAKE-000064
samp_source_3,r999999,A19,0,0,U05,40,40,compound99,None,treatment,2019-12-06 11:09:10.665226,None,REC-FAKE-000099
samp_source_2,r999998,A13,0,0,U28,40,40,compound53,None,treatment,2019-12-06 11:09:10.443770,None,REC-FAKE-000053
samp_source_1,r999997,A05,0,0,U28,40,40,compound5,None,treatment,2019-12-06 11:09:10.445467,None,REC-FAKE-000005
samp_source_1,r999997,B09,0,0,U28,40,40,compound33,None,treatment,2019-12-06 11:09:10.447154,None,REC-FAKE-000033
samp_source_3,r999999,B11,0,0,U28,40,40,compound115,None,treatment,2019-12-06 11:09:10.448959,None,REC-FAKE-000115
samp_source_2,r999998,B04,0,0,U28,40,40,compound68,None,treatment,2019-12-06 11:09:10.450669,None,REC-FAKE-000068
samp_source_1,r999997,A15,0,0,U35,40,40,compound15,None,treatment,2019-12-06 11:09:10.520830,None,REC-FAKE-000015
samp_source_3,r999999,B13,0,0,U35,40,40,compound117,None,treatment,2019-12-06 11:09:10.522524,None,REC-FAKE-000117
samp_source_3,r999999,B08,0,0,U35,40,40,compound112,None,treatment,2019-12-06 11:09:10.524219,None,REC-FAKE-000112
samp_source_3,r999999,B10,0,0,U35,40,40,compound114,None,treatment,2019-12-06 11:09:10.525911,None,REC-FAKE-000114
samp_source_2,r999998,A24,0,0,U35,40,40,compound64,None,treatment,2019-12-06 11:09:10.527604,None,REC-FAKE-000064
samp_source_2,r999998,A15,0,0,U42,40,40,compound55,None,treatment,2019-12-06 11:09:10.288757,None,REC-FAKE-000055
samp_source_3,r999999,A04,0,0,U42,40,40,compound84,None,treatment,2019-12-06 11:09:10.290414,None,REC-FAKE-000084
samp_source_1,r999997,A19,0,0,U42,40,40,compound19,None,treatment,2019-12-06 11:09:10.292075,None,REC-FAKE-000019
samp_source_1,r999997,A20,0,0,U42,40,40,compound20,None,treatment,2019-12-06 11:09:10.293735,None,REC-FAKE-000020
samp_source_2,r999998,A16,0,0,U42,40,40,compound56,None,treatment,2019-12-06 11:09:10.295397,None,REC-FAKE-000056
samp_source_1,r999997,B01,0,0,U43,40,40,compound25,None,treatment,2019-12-06 11:09:10.126827,None,REC-FAKE-000025
samp_source_1,r999997,A12,0,0,U43,40,40,compound12,None,treatment,2019-12-06 11:09:10.128521,None,REC-FAKE-000012
samp_source_3,r999999,B04,0,0,U43,40,40,compound108,None,treatment,2019-12-06 11:09:10.130206,None,REC-FAKE-000108
samp_source_3,r999999,A12,0,0,U43,40,40,compound92,None,treatment,2019-12-06 11:09:10.131898,None,REC-FAKE-000092
samp_source_2,r999998,A18,0,0,U43,40,40,compound58,None,treatment,2019-12-06 11:09:10.133590,None,REC-FAKE-000058
samp_source_1,r999997,B16,0,0,U47,40,40,compound40,None,treatment,2019-12-06 11:09:10.144069,None,REC-FAKE-000040
samp_source_3,r999999,B01,0,0,U47,40,40,compound105,None,treatment,2019-12-06 11:09:10.145772,None,REC-FAKE-000105
samp_source_3,r999999,A04,0,0,U47,40,40,compound84,None,treatment,2019-12-06 11:09:10.147452,None,REC-FAKE-000084
samp_source_3,r999999,B05,0,0,U47,40,40,compound109,None,treatment,2019-12-06 11:09:10.149250,None,REC-FAKE-000109
samp_source_1,r999997,A14,0,0,U47,40,40,compound14,None,treatment,2019-12-06 11:09:10.150943,None,REC-FAKE-000014
samp_source_3,r999999,A15,0,0,V04,40,40,compound95,None,treatment,2019-12-06 11:09:09.930541,None,REC-FAKE-000095
samp_source_2,r999998,A08,0,0,V04,40,40,compound48,None,treatment,2019-12-06 11:09:09.932252,None,REC-FAKE-000048
samp_source_2,r999998,A04,0,0,V04,40,40,compound44,None,treatment,2019-12-06 11:09:09.933954,None,REC-FAKE-000044
samp_source_3,r999999,B02,0,0,V04,40,40,compound106,None,treatment,2019-12-06 11:09:09.935663,None,REC-FAKE-000106
samp_source_3,r999999,A24,0,0,V04,40,40,compound104,None,treatment,2019-12-06 11:09:09.937372,None,REC-FAKE-000104
samp_source_1,r999997,B08,0,0,V08,40,40,compound32,None,treatment,2019-12-06 11:09:10.331196,None,REC-FAKE-000032
samp_source_1,r999997,B09,0,0,V08,40,40,compound33,None,treatment,2019-12-06 11:09:10.332862,None,REC-FAKE-000033
samp_source_3,r999999,A18,0,0,V08,40,40,compound98,None,treatment,2019-12-06 11:09:10.334527,None,REC-FAKE-000098
samp_source_1,r999997,A08,0,0,V08,40,40,compound8,None,treatment,2019-12-06 11:09:10.336191,None,REC-FAKE-000008
samp_source_2,r999998,B07,0,0,V08,40,40,compound71,None,treatment,2019-12-06 11:09:10.337860,None,REC-FAKE-000071
samp_source_3,r999999,B12,0,0,V21,40,40,compound116,None,treatment,2019-12-06 11:09:09.836116,None,REC-FAKE-000116
samp_source_3,r999999,A20,0,0,V21,40,40,compound100,None,treatment,2019-12-06 11:09:09.837819,None,REC-FAKE-000100
samp_source_1,r999997,B12,0,0,V21,40,40,compound36,None,treatment,2019-12-06 11:09:09.839739,None,REC-FAKE-000036
samp_source_3,r999999,A14,0,0,V21,40,40,compound94,None,treatment,2019-12-06 11:09:09.841482,None,REC-FAKE-000094
samp_source_3,r999999,A24,0,0,V21,40,40,compound104,None,treatment,2019-12-06 11:09:09.843422,None,REC-FAKE-000104
samp_source_3,r999999,A15,0,0,V38,40,40,compound95,None,treatment,2019-12-06 11:09:09.948122,None,REC-FAKE-000095
samp_source_3,r999999,A20,0,0,V38,40,40,compound100,None,treatment,2019-12-06 11:09:09.949822,None,REC-FAKE-000100
samp_source_1,r999997,B14,0,0,V38,40,40,compound38,None,treatment,2019-12-06 11:09:09.951520,None,REC-FAKE-000038
samp_source_3,r999999,A22,0,0,V38,40,40,compound102,None,treatment,2019-12-06 11:09:09.953317,None,REC-FAKE-000102
samp_source_3,r999999,A08,0,0,V38,40,40,compound88,None,treatment,2019-12-06 11:09:09.955003,None,REC-FAKE-000088
samp_source_1,r999997,A15,0,0,W13,40,40,compound15,None,treatment,2019-12-06 11:09:10.503091,None,REC-FAKE-000015
samp_source_3,r999999,A09,0,0,W13,40,40,compound89,None,treatment,2019-12-06 11:09:10.504775,None,REC-FAKE-000089
samp_source_2,r999998,A14,0,0,W13,40,40,compound54,None,treatment,2019-12-06 11:09:10.506562,None,REC-FAKE-000054
samp_source_2,r999998,B10,0,0,W13,40,40,compound74,None,treatment,2019-12-06 11:09:10.508577,None,REC-FAKE-000074
samp_source_3,r999999,A06,0,0,W13,40,40,compound86,None,treatment,2019-12-06 11:09:10.510323,None,REC-FAKE-000086
samp_source_1,r999997,A07,0,0,W17,40,40,compound7,None,treatment,2019-12-06 11:09:10.263350,None,REC-FAKE-000007
samp_source_3,r999999,B05,0,0,W17,40,40,compound109,None,treatment,2019-12-06 11:09:10.265019,None,REC-FAKE-000109
samp_source_2,r999998,A19,0,0,W17,40,40,compound59,None,treatment,2019-12-06 11:09:10.266692,None,REC-FAKE-000059
samp_source_3,r999999,A10,0,0,W17,40,40,compound90,None,treatment,2019-12-06 11:09:10.268409,None,REC-FAKE-000090
samp_source_2,r999998,A16,0,0,W17,40,40,compound56,None,treatment,2019-12-06 11:09:10.270085,None,REC-FAKE-000056
samp_source_2,r999998,A17,0,0,W27,40,40,compound57,None,treatment,2019-12-06 11:09:10.357365,None,REC-FAKE-000057
samp_source_2,r999998,B15,0,0,W27,40,40,compound79,None,treatment,2019-12-06 11:09:10.359049,None,REC-FAKE-000079
samp_source_1,r999997,B09,0,0,W27,40,40,compound33,None,treatment,2019-12-06 11:09:10.360718,None,REC-FAKE-000033
samp_source_2,r999998,B11,0,0,W27,40,40,compound75,None,treatment,2019-12-06 11:09:10.362393,None,REC-FAKE-000075
samp_source_3,r999999,B14,0,0,W27,40,40,compound118,None,treatment,2019-12-06 11:09:10.364068,None,REC-FAKE-000118
samp_source_1,r999997,A23,0,0,W30,40,40,compound23,None,treatment,2019-12-06 11:09:09.990495,None,REC-FAKE-000023
samp_source_2,r999998,A11,0,0,W30,40,40,compound51,None,treatment,2019-12-06 11:09:09.992169,None,REC-FAKE-000051
samp_source_2,r999998,A18,0,0,W30,40,40,compound58,None,treatment,2019-12-06 11:09:09.993850,None,REC-FAKE-000058
samp_source_1,r999997,A17,0,0,W30,40,40,compound17,None,treatment,2019-12-06 11:09:09.995527,None,REC-FAKE-000017
samp_source_2,r999998,A02,0,0,W30,40,40,compound42,None,treatment,2019-12-06 11:09:09.997205,None,REC-FAKE-000042
samp_source_1,r999997,B01,0,0,W32,40,40,compound25,None,treatment,2019-12-06 11:09:10.101031,None,REC-FAKE-000025
samp_source_3,r999999,A05,0,0,W32,40,40,compound85,None,treatment,2019-12-06 11:09:10.102708,None,REC-FAKE-000085
samp_source_2,r999998,A07,0,0,W32,40,40,compound47,None,treatment,2019-12-06 11:09:10.104379,None,REC-FAKE-000047
samp_source_3,r999999,A21,0,0,W32,40,40,compound101,None,treatment,2019-12-06 11:09:10.106056,None,REC-FAKE-000101
samp_source_1,r999997,A17,0,0,W32,40,40,compound17,None,treatment,2019-12-06 11:09:10.107788,None,REC-FAKE-000017
samp_source_1,r999997,A15,0,0,W46,40,40,compound15,None,treatment,2019-12-06 11:09:10.529292,None,REC-FAKE-000015
samp_source_3,r999999,A19,0,0,W46,40,40,compound99,None,treatment,2019-12-06 11:09:10.530977,None,REC-FAKE-000099
samp_source_3,r999999,B16,0,0,W46,40,40,compound120,None,treatment,2019-12-06 11:09:10.532672,None,REC-FAKE-000120
samp_source_1,r999997,B03,0,0,W46,40,40,compound27,None,treatment,2019-12-06 11:09:10.534360,None,REC-FAKE-000027
samp_source_2,r999998,A23,0,0,W46,40,40,compound63,None,treatment,2019-12-06 11:09:10.536046,None,REC-FAKE-000063
samp_source_3,r999999,A15,0,0,X06,40,40,compound95,None,treatment,2019-12-06 11:09:09.939298,None,REC-FAKE-000095
samp_source_1,r999997,A24,0,0,X06,40,40,compound24,None,treatment,2019-12-06 11:09:09.940999,None,REC-FAKE-000024
samp_source_1,r999997,A18,0,0,X06,40,40,compound18,None,treatment,2019-12-06 11:09:09.942925,None,REC-FAKE-000018
samp_source_3,r999999,A14,0,0,X06,40,40,compound94,None,treatment,2019-12-06 11:09:09.944713,None,REC-FAKE-000094
samp_source_1,r999997,A10,0,0,X06,40,40,compound10,None,treatment,2019-12-06 11:09:09.946415,None,REC-FAKE-000010
samp_source_1,r999997,B13,0,0,X13,40,40,compound37,None,treatment,2019-12-06 11:09:10.732530,None,REC-FAKE-000037
samp_source_1,r999997,A06,0,0,X13,40,40,compound6,None,treatment,2019-12-06 11:09:10.734219,None,REC-FAKE-000006
samp_source_2,r999998,B01,0,0,X13,40,40,compound65,None,treatment,2019-12-06 11:09:10.735906,None,REC-FAKE-000065
samp_source_1,r999997,A23,0,0,X18,40,40,compound23,None,treatment,2019-12-06 11:09:09.982010,None,REC-FAKE-000023
samp_source_1,r999997,A13,0,0,X18,40,40,compound13,None,treatment,2019-12-06 11:09:09.983686,None,REC-FAKE-000013
samp_source_3,r999999,A21,0,0,X18,40,40,compound101,None,treatment,2019-12-06 11:09:09.985396,None,REC-FAKE-000101
samp_source_3,r999999,A12,0,0,X18,40,40,compound92,None,treatment,2019-12-06 11:09:09.987149,None,REC-FAKE-000092
samp_source_2,r999998,B08,0,0,X18,40,40,compound72,None,treatment,2019-12-06 11:09:09.988823,None,REC-FAKE-000072
samp_source_1,r999997,A23,0,0,X33,40,40,compound23,None,treatment,2019-12-06 11:09:09.956687,None,REC-FAKE-000023
samp_source_3,r999999,B15,0,0,X33,40,40,compound119,None,treatment,2019-12-06 11:09:09.958378,None,REC-FAKE-000119
samp_source_2,r999998,A10,0,0,X33,40,40,compound50,None,treatment,2019-12-06 11:09:09.960059,None,REC-FAKE-000050
samp_source_3,r999999,A01,0,0,X33,40,40,compound81,None,treatment,2019-12-06 11:09:09.961744,None,REC-FAKE-000081
samp_source_1,r999997,B01,0,0,X33,40,40,compound25,None,treatment,2019-12-06 11:09:09.963428,None,REC-FAKE-000025
samp_source_1,r999997,A09,0,0,X43,40,40,compound9,None,treatment,2019-12-06 11:09:10.766589,None,REC-FAKE-000009
samp_source_1,r999997,B11,0,0,X43,40,40,compound35,None,treatment,2019-12-06 11:09:10.768244,None,REC-FAKE-000035
samp_source_2,r999998,A12,0,0,X43,40,40,compound52,None,treatment,2019-12-06 11:09:10.769902,None,REC-FAKE-000052
samp_source_1,r999997,B10,0,0,X43,40,40,compound34,None,treatment,2019-12-06 11:09:10.771556,None,REC-FAKE-000034
samp_source_1,r999997,B16,0,0,X46,40,40,compound40,None,treatment,2019-12-06 11:09:10.152638,None,REC-FAKE-000040
samp_source_2,r999998,A19,0,0,X46,40,40,compound59,None,treatment,2019-12-06 11:09:10.154326,None,REC-FAKE-000059
samp_source_3,r999999,B07,0,0,X46,40,40,compound111,None,treatment,2019-12-06 11:09:10.156017,None,REC-FAKE-000111
samp_source_1,r999997,A19,0,0,X46,40,40,compound19,None,treatment,2019-12-06 11:09:10.157712,None,REC-FAKE-000019
samp_source_2,r999998,B02,0,0,X46,40,40,compound66,None,treatment,2019-12-06 11:09:10.159396,None,REC-FAKE-000066
samp_source_1,r999997,A04,0,0,Y14,40,40,compound4,None,treatment,2019-12-06 11:09:09.862820,None,REC-FAKE-000004
samp_source_1,r999997,A24,0,0,Y14,40,40,compound24,None,treatment,2019-12-06 11:09:09.864670,None,REC-FAKE-000024
samp_source_1,r999997,B12,0,0,Y14,40,40,compound36,None,treatment,2019-12-06 11:09:09.866416,None,REC-FAKE-000036
samp_source_3,r999999,B02,0,0,Y14,40,40,compound106,None,treatment,2019-12-06 11:09:09.868180,None,REC-FAKE-000106
samp_source_3,r999999,A08,0,0,Y14,40,40,compound88,None,treatment,2019-12-06 11:09:09.869941,None,REC-FAKE-000088
samp_source_1,r999997,B16,0,0,Y45,40,40,compound40,None,treatment,2019-12-06 11:09:10.161091,None,REC-FAKE-000040
samp_source_1,r999997,A20,0,0,Y45,40,40,compound20,None,treatment,2019-12-06 11:09:10.162784,None,REC-FAKE-000020
samp_source_3,r999999,A10,0,0,Y45,40,40,compound90,None,treatment,2019-12-06 11:09:10.164475,None,REC-FAKE-000090
samp_source_3,r999999,A07,0,0,Y45,40,40,compound87,None,treatment,2019-12-06 11:09:10.166164,None,REC-FAKE-000087
samp_source_3,r999999,B09,0,0,Y45,40,40,compound113,None,treatment,2019-12-06 11:09:10.167853,None,REC-FAKE-000113
samp_source_1,r999997,B06,0,0,Z02,40,40,compound30,None,treatment,2019-12-06 11:09:10.793927,None,REC-FAKE-000030
samp_source_1,r999997,B11,0,0,Z02,40,40,compound35,None,treatment,2019-12-06 11:09:10.795641,None,REC-FAKE-000035
samp_source_2,r999998,B01,0,0,Z02,40,40,compound65,None,treatment,2019-12-06 11:09:10.797345,None,REC-FAKE-000065
samp_source_1,r999997,B01,0,0,Z06,40,40,compound25,None,treatment,2019-12-06 11:09:10.118383,None,REC-FAKE-000025
samp_source_2,r999998,B13,0,0,Z06,40,40,compound77,None,treatment,2019-12-06 11:09:10.120074,None,REC-FAKE-000077
samp_source_1,r999997,A22,0,0,Z06,40,40,compound22,None,treatment,2019-12-06 11:09:10.121776,None,REC-FAKE-000022
samp_source_2,r999998,B08,0,0,Z06,40,40,compound72,None,treatment,2019-12-06 11:09:10.123460,None,REC-FAKE-000072
samp_source_2,r999998,A11,0,0,Z06,40,40,compound51,None,treatment,2019-12-06 11:09:10.125147,None,REC-FAKE-000051
samp_source_3,r999999,A01,0,0,Z14,40,40,compound81,None,treatment,2019-12-06 11:09:10.084261,None,REC-FAKE-000081
samp_source_2,r999998,B13,0,0,Z14,40,40,compound77,None,treatment,2019-12-06 11:09:10.085942,None,REC-FAKE-000077
samp_source_3,r999999,B04,0,0,Z14,40,40,compound108,None,treatment,2019-12-06 11:09:10.087621,None,REC-FAKE-000108
samp_source_3,r999999,A21,0,0,Z14,40,40,compound101,None,treatment,2019-12-06 11:09:10.089301,None,REC-FAKE-000101
samp_source_2,r999998,A02,0,0,Z14,40,40,compound42,None,treatment,2019-12-06 11:09:10.090974,None,REC-FAKE-000042
samp_source_1,r999997,A11,0,0,Z21,40,40,compound11,None,treatment,2019-12-06 11:09:10.555082,None,REC-FAKE-000011
samp_source_2,r999998,B10,0,0,Z21,40,40,compound74,None,treatment,2019-12-06 11:09:10.556766,None,REC-FAKE-000074
samp_source_1,r999997,B15,0,0,Z21,40,40,compound39,None,treatment,2019-12-06 11:09:10.558437,None,REC-FAKE-000039
samp_source_3,r999999,B10,0,0,Z21,40,40,compound114,None,treatment,2019-12-06 11:09:10.560109,None,REC-FAKE-000114
samp_source_1,r999997,B03,0,0,Z21,40,40,compound27,None,treatment,2019-12-06 11:09:10.561789,None,REC-FAKE-000027
samp_source_2,r999998,B14,0,0,Z26,40,40,compound78,None,treatment,2019-12-06 11:09:10.417710,None,REC-FAKE-000078
samp_source_3,r999999,A17,0,0,Z26,40,40,compound97,None,treatment,2019-12-06 11:09:10.419414,None,REC-FAKE-000097
samp_source_1,r999997,A08,0,0,Z26,40,40,compound8,None,treatment,2019-12-06 11:09:10.421131,None,REC-FAKE-000008
samp_source_3,r999999,B11,0,0,Z26,40,40,compound115,None,treatment,2019-12-06 11:09:10.422841,None,REC-FAKE-000115
samp_source_3,r999999,B14,0,0,Z26,40,40,compound118,None,treatment,2019-12-06 11:09:10.424598,None,REC-FAKE-000118
samp_source_1,r999997,B13,0,0,Z36,40,40,compound37,None,treatment,2019-12-06 11:09:10.743048,None,REC-FAKE-000037
samp_source_1,r999997,B11,0,0,Z36,40,40,compound35,None,treatment,2019-12-06 11:09:10.744754,None,REC-FAKE-000035
samp_source_2,r999998,B05,0,0,Z36,40,40,compound69,None,treatment,2019-12-06 11:09:10.746609,None,REC-FAKE-000069
samp_source_3,r999999,A02,0,0,Z36,40,40,compound82,None,treatment,2019-12-06 11:09:10.748278,None,REC-FAKE-000082
samp_source_2,r999998,A03,0,0,Z40,40,40,compound43,None,treatment,2019-12-06 11:09:09.801468,None,REC-FAKE-000043
samp_source_1,r999997,A10,0,0,Z40,40,40,compound10,None,treatment,2019-12-06 11:09:09.803174,None,REC-FAKE-000010
samp_source_3,r999999,A08,0,0,Z40,40,40,compound88,None,treatment,2019-12-06 11:09:09.804885,None,REC-FAKE-000088
samp_source_2,r999998,A05,0,0,Z40,40,40,compound45,None,treatment,2019-12-06 11:09:09.806646,None,REC-FAKE-000045
samp_source_3,r999999,A24,0,0,Z40,40,40,compound104,None,treatment,2019-12-06 11:09:09.808563,None,REC-FAKE-000104
samp_source_2,r999998,A03,0,0,Z43,40,40,compound43,None,treatment,2019-12-06 11:09:09.784046,None,REC-FAKE-000043
samp_source_1,r999997,B14,0,0,Z43,40,40,compound38,None,treatment,2019-12-06 11:09:09.785834,None,REC-FAKE-000038
samp_source_1,r999997,A18,0,0,Z43,40,40,compound18,None,treatment,2019-12-06 11:09:09.787550,None,REC-FAKE-000018
samp_source_2,r999998,A04,0,0,Z43,40,40,compound44,None,treatment,2019-12-06 11:09:09.789238,None,REC-FAKE-000044
samp_source_1,r999997,B12,0,0,Z43,40,40,compound36,None,treatment,2019-12-06 11:09:09.790922,None,REC-FAKE-000036
samp_source_1,r999997,B16,0,0,AA10,40,40,compound40,None,treatment,2019-12-06 11:09:10.135273,None,REC-FAKE-000040
samp_source_2,r999998,B09,0,0,AA10,40,40,compound73,None,treatment,2019-12-06 11:09:10.136958,None,REC-FAKE-000073
samp_source_3,r999999,A11,0,0,AA10,40,40,compound91,None,treatment,2019-12-06 11:09:10.138650,None,REC-FAKE-000091
samp_source_1,r999997,A07,0,0,AA10,40,40,compound7,None,treatment,2019-12-06 11:09:10.140386,None,REC-FAKE-000007
samp_source_2,r999998,A15,0,0,AA10,40,40,compound55,None,treatment,2019-12-06 11:09:10.142285,None,REC-FAKE-000055
samp_source_1,r999997,B16,0,0,AA26,40,40,compound40,None,treatment,2019-12-06 11:09:10.169548,None,REC-FAKE-000040
samp_source_1,r999997,A03,0,0,AA26,40,40,compound3,None,treatment,2019-12-06 11:09:10.171246,None,REC-FAKE-000003
samp_source_2,r999998,B03,0,0,AA26,40,40,compound67,None,treatment,2019-12-06 11:09:10.173046,None,REC-FAKE-000067
samp_source_3,r999999,A23,0,0,AA26,40,40,compound103,None,treatment,2019-12-06 11:09:10.174796,None,REC-FAKE-000103
samp_source_2,r999998,A16,0,0,AA26,40,40,compound56,None,treatment,2019-12-06 11:09:10.176528,None,REC-FAKE-000056
samp_source_1,r999997,A16,0,0,AA45,40,40,compound16,None,treatment,2019-12-06 11:09:10.615609,None,REC-FAKE-000016
samp_source_2,r999998,A14,0,0,AA45,40,40,compound54,None,treatment,2019-12-06 11:09:10.617284,None,REC-FAKE-000054
samp_source_2,r999998,A22,0,0,AA45,40,40,compound62,None,treatment,2019-12-06 11:09:10.618950,None,REC-FAKE-000062
samp_source_3,r999999,B10,0,0,AA45,40,40,compound114,None,treatment,2019-12-06 11:09:10.620617,None,REC-FAKE-000114
samp_source_3,r999999,A19,0,0,AA45,40,40,compound99,None,treatment,2019-12-06 11:09:10.622346,None,REC-FAKE-000099
samp_source_2,r999998,A17,0,0,AB05,40,40,compound57,None,treatment,2019-12-06 11:09:10.383075,None,REC-FAKE-000057
samp_source_3,r999999,A17,0,0,AB05,40,40,compound97,None,treatment,2019-12-06 11:09:10.384778,None,REC-FAKE-000097
samp_source_2,r999998,B07,0,0,AB05,40,40,compound71,None,treatment,2019-12-06 11:09:10.386473,None,REC-FAKE-000071
samp_source_2,r999998,A06,0,0,AB05,40,40,compound46,None,treatment,2019-12-06 11:09:10.388160,None,REC-FAKE-000046
samp_source_2,r999998,B04,0,0,AB05,40,40,compound68,None,treatment,2019-12-06 11:09:10.389847,None,REC-FAKE-000068
samp_source_3,r999999,B06,0,0,AB42,40,40,compound110,None,treatment,2019-12-06 11:09:10.469326,None,REC-FAKE-000110
samp_source_3,r999999,A16,0,0,AB42,40,40,compound96,None,treatment,2019-12-06 11:09:10.471015,None,REC-FAKE-000096
samp_source_1,r999997,A08,0,0,AB42,40,40,compound8,None,treatment,2019-12-06 11:09:10.472708,None,REC-FAKE-000008
samp_source_2,r999998,B11,0,0,AB42,40,40,compound75,None,treatment,2019-12-06 11:09:10.474403,None,REC-FAKE-000075
samp_source_2,r999998,B04,0,0,AB42,40,40,compound68,None,treatment,2019-12-06 11:09:10.476086,None,REC-FAKE-000068
samp_source_3,r999999,A01,0,0,AC05,40,40,compound81,None,treatment,2019-12-06 11:09:10.066933,None,REC-FAKE-000081
samp_source_3,r999999,A05,0,0,AC05,40,40,compound85,None,treatment,2019-12-06 11:09:10.068610,None,REC-FAKE-000085
samp_source_2,r999998,B16,0,0,AC05,40,40,compound80,None,treatment,2019-12-06 11:09:10.070287,None,REC-FAKE-000080
samp_source_2,r999998,B08,0,0,AC05,40,40,compound72,None,treatment,2019-12-06 11:09:10.071968,None,REC-FAKE-000072
samp_source_2,r999998,A18,0,0,AC05,40,40,compound58,None,treatment,2019-12-06 11:09:10.074067,None,REC-FAKE-000058
samp_source_2,r999998,A03,0,0,AC10,40,40,compound43,None,treatment,2019-12-06 11:09:09.761514,None,REC-FAKE-000043
samp_source_3,r999999,B12,0,0,AC10,40,40,compound116,None,treatment,2019-12-06 11:09:09.765807,None,REC-FAKE-000116
samp_source_1,r999997,A04,0,0,AC10,40,40,compound4,None,treatment,2019-12-06 11:09:09.768211,None,REC-FAKE-000004
samp_source_3,r999999,A13,0,0,AC10,40,40,compound93,None,treatment,2019-12-06 11:09:09.770414,None,REC-FAKE-000093
samp_source_3,r999999,A15,0,0,AC10,40,40,compound95,None,treatment,2019-12-06 11:09:09.772464,None,REC-FAKE-000095
samp_source_3,r999999,A13,0,0,AC20,40,40,compound93,None,treatment,2019-12-06 11:09:09.893507,None,REC-FAKE-000093
samp_source_2,r999998,A08,0,0,AC20,40,40,compound48,None,treatment,2019-12-06 11:09:09.895677,None,REC-FAKE-000048
samp_source_1,r999997,B12,0,0,AC20,40,40,compound36,None,treatment,2019-12-06 11:09:09.897769,None,REC-FAKE-000036
samp_source_3,r999999,A22,0,0,AC20,40,40,compound102,None,treatment,2019-12-06 11:09:09.899792,None,REC-FAKE-000102
samp_source_1,r999997,A10,0,0,AC20,40,40,compound10,None,treatment,2019-12-06 11:09:09.901797,None,REC-FAKE-000010
samp_source_1,r999997,A16,0,0,AC24,40,40,compound16,None,treatment,2019-12-06 11:09:10.632527,None,REC-FAKE-000016
samp_source_3,r999999,A06,0,0,AC24,40,40,compound86,None,treatment,2019-12-06 11:09:10.634293,None,REC-FAKE-000086
samp_source_1,r999997,B02,0,0,AC24,40,40,compound26,None,treatment,2019-12-06 11:09:10.635974,None,REC-FAKE-000026
samp_source_3,r999999,B13,0,0,AC24,40,40,compound117,None,treatment,2019-12-06 11:09:10.637649,None,REC-FAKE-000117
samp_source_1,r999997,B03,0,0,AC24,40,40,compound27,None,treatment,2019-12-06 11:09:10.639485,None,REC-FAKE-000027
samp_source_2,r999998,B14,0,0,AC33,40,40,compound78,None,treatment,2019-12-06 11:09:10.391536,None,REC-FAKE-000078
samp_source_2,r999998,B15,0,0,AC33,40,40,compound79,None,treatment,2019-12-06 11:09:10.393223,None,REC-FAKE-000079
samp_source_3,r999999,A18,0,0,AC33,40,40,compound98,None,treatment,2019-12-06 11:09:10.395198,None,REC-FAKE-000098
samp_source_3,r999999,A03,0,0,AC33,40,40,compound83,None,treatment,2019-12-06 11:09:10.396900,None,REC-FAKE-000083
samp_source_2,r999998,B04,0,0,AC33,40,40,compound68,None,treatment,2019-12-06 11:09:10.398595,None,REC-FAKE-000068
samp_source_1,r999997,B06,0,0,AC44,40,40,compound30,None,treatment,2019-12-06 11:09:10.787178,None,REC-FAKE-000030
samp_source_2,r999998,A01,0,0,AC44,40,40,compound41,None,treatment,2019-12-06 11:09:10.788858,None,REC-FAKE-000041
samp_source_1,r999997,B04,0,0,AC44,40,40,compound28,None,treatment,2019-12-06 11:09:10.790547,None,REC-FAKE-000028
samp_source_3,r999999,A02,0,0,AC44,40,40,compound82,None,treatment,2019-12-06 11:09:10.792237,None,REC-FAKE-000082
samp_source_1,r999997,B08,0,0,AD16,40,40,compound32,None,treatment,2019-12-06 11:09:10.322845,None,REC-FAKE-000032
samp_source_2,r999998,B15,0,0,AD16,40,40,compound79,None,treatment,2019-12-06 11:09:10.324512,None,REC-FAKE-000079
samp_source_3,r999999,A16,0,0,AD16,40,40,compound96,None,treatment,2019-12-06 11:09:10.326192,None,REC-FAKE-000096
samp_source_1,r999997,A05,0,0,AD16,40,40,compound5,None,treatment,2019-12-06 11:09:10.327862,None,REC-FAKE-000005
samp_source_3,r999999,A17,0,0,AD16,40,40,compound97,None,treatment,2019-12-06 11:09:10.329526,None,REC-FAKE-000097
samp_source_3,r999999,A11,0,0,AE02,40,40,compound91,None,treatment,2019-12-06 11:09:10.212910,None,REC-FAKE-000091
samp_source_3,r999999,B01,0,0,AE02,40,40,compound105,None,treatment,2019-12-06 11:09:10.214729,None,REC-FAKE-000105
samp_source_3,r999999,B07,0,0,AE02,40,40,compound111,None,treatment,2019-12-06 11:09:10.216410,None,REC-FAKE-000111
samp_source_3,r999999,A07,0,0,AE02,40,40,compound87,None,treatment,2019-12-06 11:09:10.218080,None,REC-FAKE-000087
samp_source_2,r999998,A16,0,0,AE02,40,40,compound56,None,treatment,2019-12-06 11:09:10.219742,None,REC-FAKE-000056
samp_source_3,r999999,B15,0,0,AE25,40,40,compound119,None,treatment,2019-12-06 11:09:10.024688,None,REC-FAKE-000119
samp_source_1,r999997,A12,0,0,AE25,40,40,compound12,None,treatment,2019-12-06 11:09:10.026348,None,REC-FAKE-000012
samp_source_2,r999998,A07,0,0,AE25,40,40,compound47,None,treatment,2019-12-06 11:09:10.028011,None,REC-FAKE-000047
samp_source_2,r999998,B08,0,0,AE25,40,40,compound72,None,treatment,2019-12-06 11:09:10.029670,None,REC-FAKE-000072
samp_source_2,r999998,A02,0,0,AE25,40,40,compound42,None,treatment,2019-12-06 11:09:10.031334,None,REC-FAKE-000042
samp_source_1,r999997,A01,0,0,AE34,40,40,compound1,None,treatment,2019-12-06 11:09:10.580809,None,REC-FAKE-000001
samp_source_2,r999998,A14,0,0,AE34,40,40,compound54,None,treatment,2019-12-06 11:09:10.582503,None,REC-FAKE-000054
samp_source_1,r999997,A21,0,0,AE34,40,40,compound21,None,treatment,2019-12-06 11:09:10.584186,None,REC-FAKE-000021
samp_source_2,r999998,A24,0,0,AE34,40,40,compound64,None,treatment,2019-12-06 11:09:10.586018,None,REC-FAKE-000064
samp_source_1,r999997,B03,0,0,AE34,40,40,compound27,None,treatment,2019-12-06 11:09:10.587743,None,REC-FAKE-000027
